{"cameraMode":{"drawMode":0,"name":"Shaded","section":"Shading Mode"},"sceneLighting":true,"audioPlay":false,"sceneViewState":{"showFog":true,"showMaterialUpdate":false,"showSkybox":true,"showFlares":true,"showImageEffects":true,"showParticleSystems":true},"in2DMode":false,"pivot":{"x":18.866395950317384,"y":0.05374479293823242,"z":5.311982154846191},"rotation":{"x":-0.03027430921792984,"y":0.9682689309120178,"z":-0.1463392674922943,"w":-0.20031334459781648},"size":4.614548206329346,"orthographic":false}