{"cameraMode":{"drawMode":0,"name":"Shaded","section":"Shading Mode"},"sceneLighting":true,"audioPlay":false,"sceneViewState":{"showFog":true,"showMaterialUpdate":false,"showSkybox":true,"showFlares":true,"showImageEffects":true,"showParticleSystems":true},"in2DMode":false,"pivot":{"x":17.942214965820314,"y":-4.867206573486328,"z":-0.1378307342529297},"rotation":{"x":0.27687758207321169,"y":0.21809637546539308,"z":-0.06468204408884049,"w":0.9335909485816956},"size":16.38717269897461,"orthographic":false}