{"cameraMode":{"drawMode":0,"name":"Shaded","section":"Shading Mode"},"sceneLighting":true,"audioPlay":false,"sceneViewState":{"showFog":true,"showMaterialUpdate":false,"showSkybox":true,"showFlares":true,"showImageEffects":true,"showParticleSystems":true},"in2DMode":false,"pivot":{"x":20.541399002075197,"y":0.4653390645980835,"z":4.44925594329834},"rotation":{"x":-0.03027430921792984,"y":0.9682689309120178,"z":-0.1463392674922943,"w":-0.20031334459781648},"size":2.8145480155944826,"orthographic":false}