{"cameraMode":{"drawMode":0,"name":"Shaded","section":"Shading Mode"},"sceneLighting":true,"audioPlay":false,"sceneViewState":{"showFog":true,"showMaterialUpdate":false,"showSkybox":true,"showFlares":true,"showImageEffects":true,"showParticleSystems":true},"in2DMode":false,"pivot":{"x":-0.11478066444396973,"y":2.2003753185272219,"z":-2.247920513153076},"rotation":{"x":0.2051561176776886,"y":0.3066668212413788,"z":-0.06787339597940445,"w":0.9269669651985169},"size":2.726379156112671,"orthographic":false}